ID,CAT,SUBCAT
PRD-0000,Footwear,Sandals
PRD-0001,Bags,Backpacks
PRD-0002,Accessories,Watches
PRD-0003,Clothing,Jackets
PRD-0004,Bags,Messenger Bags
PRD-0005,Bags,Backpacks
PRD-0006,Snacks,Cookies
PRD-0007,Accessories,Sunglasses
PRD-0008,Clothing,Dresses
PRD-0009,Clothing,Jackets
PRD-0010,Bags,Handbags
PRD-0011,Clothing,Shirts
PRD-0012,Clothing,Undergarments
PRD-0013,Clothing,Dresses
PRD-0014,Bags,Messenger Bags
PRD-0015,Clothing,Jeans
PRD-0016,Snacks,Cookies
PRD-0017,Accessories,Watches
PRD-0018,Clothing,Shirts
PRD-0019,Snacks,Chips
PRD-0020,Footwear,Boots
PRD-0021,Accessories,Belts
PRD-0022,Bags,Messenger Bags
PRD-0023,Snacks,Candies
PRD-0024,Accessories,Belts
PRD-0025,Snacks,Candies
PRD-0026,Bags,Wallets
PRD-0027,Accessories,Hats
PRD-0028,Bags,Wallets
PRD-0029,Accessories,Hats
PRD-0030,Snacks,Cookies
PRD-0031,Accessories,Hats
PRD-0032,Footwear,Sandals
PRD-0033,Snacks,Crackers
PRD-0034,Footwear,Slippers
PRD-0035,Clothing,Shirts
PRD-0036,Footwear,Sneakers
PRD-0037,Bags,Backpacks
PRD-0038,Snacks,Crackers
PRD-0039,Footwear,Boots
PRD-0040,Snacks,Candies
PRD-0041,Bags,Backpacks
PRD-0042,Clothing,Dresses
PRD-0043,Snacks,Candies
PRD-0044,Accessories,Sunglasses
PRD-0045,Snacks,Candies
PRD-0046,Bags,Messenger Bags
PRD-0047,Footwear,Slippers
PRD-0048,Accessories,Sunglasses
PRD-0049,Accessories,Hats
PRD-0050,Bags,Messenger Bags
PRD-0051,Snacks,Candies
PRD-0052,Accessories,Watches
PRD-0053,Clothing,Dresses
PRD-0054,Snacks,Nuts
PRD-0055,Footwear,Sneakers
PRD-0056,Snacks,Chips
PRD-0057,Footwear,Slippers
PRD-0058,Footwear,Boots
PRD-0059,Accessories,Sunglasses
PRD-0060,Bags,Handbags
PRD-0061,Bags,Messenger Bags
PRD-0062,Bags,Wallets
PRD-0063,Accessories,Watches
PRD-0064,Footwear,Slippers
PRD-0065,Bags,Tote Bags
PRD-0066,Accessories,Belts
PRD-0067,Footwear,Flats
PRD-0068,Footwear,Sandals
PRD-0069,Bags,Backpacks
PRD-0070,Clothing,Shirts
PRD-0071,Bags,Messenger Bags
PRD-0072,Bags,Tote Bags
PRD-0073,Clothing,Undergarments
PRD-0074,Clothing,Dresses
PRD-0075,Bags,Wallets
PRD-0076,Accessories,Watches
PRD-0077,Footwear,Sandals
PRD-0078,Snacks,Nuts
PRD-0079,Clothing,Dresses
PRD-0080,Bags,Backpacks
PRD-0081,Clothing,Shirts
PRD-0082,Footwear,Slippers
PRD-0083,Footwear,Boots
PRD-0084,Accessories,Hats
PRD-0085,Snacks,Crackers
PRD-0086,Bags,Tote Bags
PRD-0087,Snacks,Nuts
PRD-0088,Accessories,Belts
PRD-0089,Footwear,Sneakers
PRD-0090,Accessories,Sunglasses
PRD-0091,Footwear,Sandals
PRD-0092,Bags,Handbags
PRD-0093,Snacks,Crackers
PRD-0094,Bags,Wallets
PRD-0095,Snacks,Chips
PRD-0096,Bags,Backpacks
PRD-0097,Clothing,Dresses
PRD-0098,Accessories,Watches
PRD-0099,Bags,Wallets
PRD-0100,Bags,Backpacks
PRD-0101,Footwear,Boots
PRD-0102,Clothing,Jeans
PRD-0103,Footwear,Sandals
PRD-0104,Footwear,Flats
PRD-0105,Clothing,Dresses
PRD-0106,Clothing,Jackets
PRD-0107,Footwear,Sneakers
PRD-0108,Bags,Wallets
PRD-0109,Clothing,Jeans
PRD-0110,Footwear,Sandals
PRD-0111,Clothing,Shirts
PRD-0112,Clothing,Dresses
PRD-0113,Snacks,Nuts
PRD-0114,Clothing,Dresses
PRD-0115,Clothing,Jackets
PRD-0116,Accessories,Watches
PRD-0117,Snacks,Candies
PRD-0118,Snacks,Nuts
PRD-0119,Clothing,Dresses
PRD-0120,Footwear,Slippers
PRD-0121,Footwear,Flats
PRD-0122,Accessories,Scarves
PRD-0123,Footwear,Slippers
PRD-0124,Accessories,Sunglasses
PRD-0125,Snacks,Crackers
PRD-0126,Accessories,Belts
PRD-0127,Snacks,Cookies
PRD-0128,Snacks,Cookies
PRD-0129,Clothing,Jeans
PRD-0130,Accessories,Hats
PRD-0131,Accessories,Hats
PRD-0132,Footwear,Sandals
PRD-0133,Bags,Backpacks
PRD-0134,Clothing,Dresses
PRD-0135,Footwear,Sneakers
PRD-0136,Footwear,Slippers
PRD-0137,Footwear,Slippers
PRD-0138,Clothing,Shirts
PRD-0139,Clothing,Jeans
PRD-0140,Snacks,Crackers
PRD-0141,Bags,Wallets
PRD-0142,Footwear,Slippers
PRD-0143,Accessories,Sunglasses
PRD-0144,Snacks,Chips
PRD-0145,Snacks,Cookies
PRD-0146,Footwear,Slippers
PRD-0147,Bags,Wallets
PRD-0148,Clothing,Jackets
PRD-0149,Bags,Backpacks
PRD-0150,Accessories,Belts
PRD-0151,Accessories,Scarves
PRD-0152,Clothing,Jackets
PRD-0153,Accessories,Belts
PRD-0154,Clothing,Dresses
PRD-0155,Accessories,Scarves
PRD-0156,Clothing,Jeans
PRD-0157,Bags,Handbags
PRD-0158,Footwear,Sneakers
PRD-0159,Snacks,Candies
PRD-0160,Accessories,Scarves
PRD-0161,Clothing,Dresses
PRD-0162,Bags,Tote Bags
PRD-0163,Snacks,Cookies
PRD-0164,Accessories,Watches
PRD-0165,Bags,Tote Bags
PRD-0166,Bags,Messenger Bags
PRD-0167,Clothing,Shirts
PRD-0168,Footwear,Boots
PRD-0169,Clothing,Shirts
PRD-0170,Footwear,Sneakers
PRD-0171,Bags,Handbags
PRD-0172,Snacks,Cookies
PRD-0173,Clothing,Dresses
PRD-0174,Footwear,Sneakers
PRD-0175,Accessories,Scarves
PRD-0176,Clothing,Undergarments
PRD-0177,Accessories,Hats
PRD-0178,Clothing,Jeans
PRD-0179,Footwear,Slippers
PRD-0180,Clothing,Jeans
PRD-0181,Snacks,Candies
PRD-0182,Snacks,Chips
PRD-0183,Bags,Backpacks
PRD-0184,Footwear,Boots
PRD-0185,Accessories,Scarves
PRD-0186,Clothing,Dresses
PRD-0187,Footwear,Boots
PRD-0188,Snacks,Candies
PRD-0189,Bags,Wallets
PRD-0190,Footwear,Sneakers
PRD-0191,Footwear,Flats
PRD-0192,Accessories,Belts
PRD-0193,Snacks,Crackers
PRD-0194,Bags,Handbags
PRD-0195,Accessories,Scarves
PRD-0196,Footwear,Sandals
PRD-0197,Footwear,Sandals
PRD-0198,Footwear,Flats
PRD-0199,Accessories,Scarves
PRD-0200,Accessories,Belts
PRD-0201,Clothing,Jeans
PRD-0202,Clothing,Jeans
PRD-0203,Bags,Backpacks
PRD-0204,Clothing,Undergarments
PRD-0205,Snacks,Cookies
PRD-0206,Snacks,Cookies
PRD-0207,Clothing,Dresses
PRD-0208,Clothing,Undergarments
PRD-0209,Footwear,Slippers
PRD-0210,Footwear,Sneakers
PRD-0211,Bags,Messenger Bags
PRD-0212,Footwear,Flats
PRD-0213,Bags,Wallets
PRD-0214,Snacks,Crackers
PRD-0215,Bags,Wallets
PRD-0216,Accessories,Sunglasses
PRD-0217,Snacks,Candies
PRD-0218,Clothing,Jeans
PRD-0219,Clothing,Jackets
PRD-0220,Accessories,Hats
PRD-0221,Accessories,Scarves
PRD-0222,Clothing,Jackets
PRD-0223,Footwear,Sandals
PRD-0224,Bags,Backpacks
PRD-0225,Accessories,Belts
PRD-0226,Bags,Backpacks
PRD-0227,Footwear,Slippers
PRD-0228,Clothing,Jeans
PRD-0229,Clothing,Jackets
PRD-0230,Snacks,Candies
PRD-0231,Bags,Handbags
PRD-0232,Footwear,Boots
PRD-0233,Footwear,Boots
PRD-0234,Accessories,Hats
PRD-0235,Accessories,Scarves
PRD-0236,Footwear,Sneakers
PRD-0237,Snacks,Chips
PRD-0238,Clothing,Shirts
PRD-0239,Accessories,Watches
PRD-0240,Snacks,Cookies
PRD-0241,Bags,Backpacks
PRD-0242,Clothing,Jackets
PRD-0243,Bags,Tote Bags
PRD-0244,Clothing,Jackets
PRD-0245,Bags,Wallets
PRD-0246,Snacks,Cookies
PRD-0247,Snacks,Candies
PRD-0248,Clothing,Shirts
PRD-0249,Clothing,Jackets
PRD-0250,Clothing,Jeans
PRD-0251,Bags,Messenger Bags
PRD-0252,Bags,Tote Bags
PRD-0253,Clothing,Dresses
PRD-0254,Accessories,Hats
PRD-0255,Snacks,Nuts
PRD-0256,Clothing,Undergarments
PRD-0257,Accessories,Belts
PRD-0258,Clothing,Jackets
PRD-0259,Accessories,Sunglasses
PRD-0260,Snacks,Candies
PRD-0261,Snacks,Crackers
PRD-0262,Clothing,Jeans
PRD-0263,Accessories,Sunglasses
PRD-0264,Footwear,Sandals
PRD-0265,Clothing,Jackets
PRD-0266,Snacks,Chips
PRD-0267,Accessories,Scarves
PRD-0268,Clothing,Shirts
PRD-0269,Snacks,Chips
PRD-0270,Snacks,Cookies
PRD-0271,Bags,Messenger Bags
PRD-0272,Snacks,Crackers
PRD-0273,Bags,Tote Bags
PRD-0274,Bags,Tote Bags
PRD-0275,Accessories,Hats
PRD-0276,Clothing,Dresses
PRD-0277,Clothing,Jackets
PRD-0278,Clothing,Dresses
PRD-0279,Bags,Messenger Bags
PRD-0280,Snacks,Cookies
PRD-0281,Accessories,Scarves
PRD-0282,Footwear,Slippers
PRD-0283,Clothing,Jackets
PRD-0284,Accessories,Belts
PRD-0285,Footwear,Boots
PRD-0286,Footwear,Boots
PRD-0287,Bags,Handbags
PRD-0288,Footwear,Sandals
PRD-0289,Bags,Tote Bags
PRD-0290,Footwear,Flats
PRD-0291,Accessories,Sunglasses
PRD-0292,Footwear,Boots
PRD-0293,Accessories,Belts
PRD-0294,Footwear,Boots
PRD-0295,Clothing,Undergarments
PRD-0296,Clothing,Jackets
PRD-0297,Bags,Handbags
PRD-0298,Snacks,Chips
PRD-0299,Accessories,Watches
PRD-0300,Snacks,Cookies
PRD-0301,Snacks,Chips
PRD-0302,Bags,Tote Bags
PRD-0303,Snacks,Cookies
PRD-0304,Accessories,Sunglasses
PRD-0305,Footwear,Flats
PRD-0306,Snacks,Cookies
PRD-0307,Clothing,Jeans
PRD-0308,Footwear,Slippers
PRD-0309,Bags,Handbags
PRD-0310,Accessories,Scarves
PRD-0311,Snacks,Candies
PRD-0312,Clothing,Undergarments
PRD-0313,Accessories,Hats
PRD-0314,Accessories,Scarves
PRD-0315,Bags,Tote Bags
PRD-0316,Footwear,Flats
PRD-0317,Bags,Wallets
PRD-0318,Bags,Backpacks
