prd_id,prd_key,prd_nm,prd_price
210,PRD-0000,Taylor-Lee Sandals Down,1117.9
211,PRD-0001,House-Brown Backpacks Campaign,1924.33
212,PRD-0002,Kelly Inc Watches Argue,153.42
213,PRD-0003,Kent-Pruitt Jackets Once,380.98
214,PRD-0004,Harris PLC Messenger Bags Suddenly,752.42
215,PRD-0005,"Jones, Allison and Simon Backpacks Although",1885.57
216,PRD-0006,"Robinson, Bell and Williams Cookies Society",1360.98
217,PRD-0007,Gonzalez Group Sunglasses Structure Pro,1043.2
218,PRD-0008,"West, Jimenez and Hill Dresses Building",756.42
219,PRD-0009,Walker Group Jackets Develop,1518.01
220,PRD-0010,Mcmahon-King Handbags Red,353.89
221,PRD-0011,Bryant-Roberts Shirts Perhaps,1176.8
222,PRD-0012,"Holloway, Graves and Hernandez Undergarments Adult",1655.48
223,PRD-0013,Hernandez LLC Dresses From,1340.69
224,PRD-0014,"Martinez, Cantrell and Lester Messenger Bags Result",1833.37
225,PRD-0015,Silva Inc Jeans Easy,1241.78
226,PRD-0016,Deleon-Smith Cookies Year,1682.23
227,PRD-0017,"Miller, Barker and Owens Watches Speak Pro",319.99
228,PRD-0018,Boyd-Jackson Shirts Late,1567.59
229,PRD-0019,Lewis Ltd Chips Speak,156.44
230,PRD-0020,"Vaughn, Carter and Mcdaniel Boots Fund",1532.87
231,PRD-0021,Wilson Ltd Belts Me,717.61
232,PRD-0022,Lopez-Wilson Messenger Bags Include,1399.17
233,PRD-0023,"Cummings, Williams and Cohen Candies Sea",1108.9
234,PRD-0024,"Walker, Hall and Thompson Belts Relationship Pro",433.6
235,PRD-0025,Lopez-Lawson Candies Direction,107.09
236,PRD-0026,"Cantu, Rich and Welch Wallets Now",1571.68
237,PRD-0027,"Huffman, Mcclain and Snyder Hats In",1246.89
238,PRD-0028,"Daniels, Woods and Joseph Wallets Wonder",173.33
239,PRD-0029,Lopez PLC Hats Player,604.39
240,PRD-0030,"Thompson, Smith and Hoover Cookies Event",1757.22
241,PRD-0031,"Rodriguez, Phillips and Hudson Hats Relate",1063.92
242,PRD-0032,Townsend Inc Sandals Wide,216.74
243,PRD-0033,Castro Ltd Crackers Movement Pro,831.62
244,PRD-0034,"Thomas, Walker and Ramirez Slippers May",56.92
245,PRD-0035,"Wallace, Rios and Davis Shirts Chair Pro",1308.01
246,PRD-0036,Adams LLC Sneakers Since,778.41
247,PRD-0037,Stevens and Sons Backpacks Stay,720.71
248,PRD-0038,Harris Inc Crackers Ever,947.13
249,PRD-0039,Lopez Group Boots One,1494.53
250,PRD-0040,Bates and Sons Candies About,583.82
251,PRD-0041,"Rodriguez, Robinson and Townsend Backpacks Modern",1123.83
252,PRD-0042,Hudson Inc Dresses Most Pro,83.19
253,PRD-0043,Bennett-Fisher Candies Something,148.5
254,PRD-0044,Petersen-Smith Sunglasses Anything,1689.01
255,PRD-0045,Washington-Smith Candies Audience,690.79
256,PRD-0046,Pena Ltd Messenger Bags Compare,1567.46
257,PRD-0047,Gardner-Davis Slippers Glass,1350.56
258,PRD-0048,Wiggins and Sons Sunglasses Group,137.5
259,PRD-0049,Henderson Inc Hats Material Pro,686.42
260,PRD-0050,Bernard-Zimmerman Messenger Bags Sound,1283.34
261,PRD-0051,Freeman-Silva Candies Magazine,81.81
262,PRD-0052,Rangel-Murphy Watches Some,1017.36
263,PRD-0053,West-Boyd Dresses Soon,1788.74
264,PRD-0054,Lynch-Schneider Nuts High,269.83
265,PRD-0055,Watson Inc Sneakers Interest Pro,1355.63
266,PRD-0056,Murray Ltd Chips Thus,1196.71
267,PRD-0057,"Gutierrez, Cameron and York Slippers Wait",629.13
268,PRD-0058,Sampson Group Boots Tend,1669.2
269,PRD-0059,Conrad-Moreno Sunglasses Study,1163.27
270,PRD-0060,"Randolph, Davis and Bennett Handbags Individual",1084.48
271,PRD-0061,Velez-Brooks Messenger Bags Executive,777.2
272,PRD-0062,Carpenter and Sons Wallets Analysis,1514.99
273,PRD-0063,Jenkins Inc Watches Difficult Pro,742.2
274,PRD-0064,Foster LLC Slippers Local,1166.55
275,PRD-0065,Ray-Brown Tote Bags Bit,911.63
276,PRD-0066,Franklin PLC Belts Break,719.3
277,PRD-0067,"Williams, Mitchell and Callahan Flats Defense",1460.04
278,PRD-0068,Bennett-Clark Sandals Strategy,586.13
279,PRD-0069,Galloway-Chavez Backpacks Yet,410.64
280,PRD-0070,Fischer-Gay Shirts Give Pro,1747.05
281,PRD-0071,"Flores, Johnson and Wiggins Messenger Bags Yeah",822.41
282,PRD-0072,Hoover-Navarro Tote Bags Behind,1662.01
283,PRD-0073,Valencia-Lopez Undergarments Best,916.69
284,PRD-0074,Brown Ltd Dresses Sound,353.79
285,PRD-0075,Mcdonald-Fisher Wallets Admit,1482.55
286,PRD-0076,Smith-Mclean Watches Staff,1507.26
287,PRD-0077,Nguyen-Skinner Sandals Sister,1540.13
288,PRD-0078,Johnson Inc Nuts Among,1082.08
289,PRD-0079,Campbell-Cunningham Dresses Story,1854.86
290,PRD-0080,Lawrence-Gomez Backpacks Two Pro,1368.09
291,PRD-0081,Johnson Group Shirts Collection,1410.87
292,PRD-0082,Smith Group Slippers Detail Pro,920.74
293,PRD-0083,"Miller, Vega and Hutchinson Boots White Pro",1450.58
294,PRD-0084,Curtis-Gamble Hats Your Pro,480.21
295,PRD-0085,"Taylor, Torres and Rowe Crackers Discuss",224.86
296,PRD-0086,"Rodriguez, Green and Duncan Tote Bags Guess",1160.83
297,PRD-0087,Lloyd Group Nuts Field Pro,1294.72
298,PRD-0088,Gonzalez LLC Belts Thus,174.35
299,PRD-0089,Hamilton-Stanley Sneakers Affect,536.39
300,PRD-0090,"Leonard, Mitchell and Jones Sunglasses Couple",1387.82
301,PRD-0091,Smith-Lucas Sandals Ground,374.3
302,PRD-0092,Carr-Ruiz Handbags Head,1555.66
303,PRD-0093,"Jackson, Mendoza and Stevens Crackers Capital",146.1
304,PRD-0094,Horton-Woods Wallets Money Pro,1308.16
305,PRD-0095,"Baker, Robinson and Jones Chips Design",1212.54
306,PRD-0096,"Howell, Burnett and Young Backpacks Discover Pro",1467.09
307,PRD-0097,James and Sons Dresses Dog,1301.57
308,PRD-0098,Morgan PLC Watches Treatment Pro,1433.31
309,PRD-0099,Miller-Salinas Wallets Three,1551.72
310,PRD-0100,"Williams, Montes and Bailey Backpacks Those",514.94
311,PRD-0101,Rivera-Ponce Boots Audience,331.67
312,PRD-0102,Jordan Ltd Jeans Start,855.0
313,PRD-0103,Poole Group Sandals Agent Pro,694.0
314,PRD-0104,"Schultz, Farley and Phillips Flats These",1772.94
315,PRD-0105,"Martin, Ruiz and Ramos Dresses Stop",1269.96
316,PRD-0106,Moreno-Rios Jackets Fine,605.36
317,PRD-0107,Richards-Cole Sneakers Season,1694.71
318,PRD-0108,"Santiago, Aguilar and Nelson Wallets Hour",1983.05
319,PRD-0109,Hill PLC Jeans Together,1714.29
320,PRD-0110,"Wall, Tucker and Bradley Sandals List",1562.11
321,PRD-0111,Bell-Ryan Shirts Agent,1905.28
322,PRD-0112,Lopez-Mccarthy Dresses Learn,930.37
323,PRD-0113,Ayala LLC Nuts Car Pro,681.14
324,PRD-0114,Vaughan-Bruce Dresses Deep,225.51
325,PRD-0115,"Jones, Cabrera and Moore Jackets Front",695.07
326,PRD-0116,"Gardner, Wells and Curtis Watches Without",1401.11
327,PRD-0117,"Martin, Cortez and Johnson Candies Way",1536.49
328,PRD-0118,Wilcox-Deleon Nuts Feel Pro,893.16
329,PRD-0119,Short PLC Dresses Wall Pro,453.61
330,PRD-0120,Kim and Sons Slippers Beyond,209.3
331,PRD-0121,Hunter PLC Flats Herself,1657.44
332,PRD-0122,Thompson-Williams Scarves Group,1509.19
333,PRD-0123,Howard Inc Slippers History,388.89
334,PRD-0124,Wong and Sons Sunglasses Condition,1945.71
335,PRD-0125,Barnes-Yoder Crackers Ground,505.87
336,PRD-0126,"Douglas, Wood and Lawrence Belts Tree",309.24
337,PRD-0127,Watson-Snyder Cookies Indeed Pro,802.43
338,PRD-0128,Clark Ltd Cookies Sing,139.5
339,PRD-0129,Robinson-Fleming Jeans Purpose,486.31
340,PRD-0130,"Moreno, Todd and Lester Hats Picture",1008.49
341,PRD-0131,"Jenkins, Franco and Smith Hats Republican",1030.6
342,PRD-0132,Cisneros-Chen Sandals Morning,89.42
343,PRD-0133,"Haynes, Baldwin and Hanna Backpacks Fall Pro",713.35
344,PRD-0134,Anderson-Reynolds Dresses Budget,345.47
345,PRD-0135,"Chavez, Barton and Hanna Sneakers Little",1981.45
346,PRD-0136,"Barton, Cox and Jackson Slippers Chance",59.24
347,PRD-0137,Anthony Inc Slippers Congress Pro,1774.79
348,PRD-0138,Robinson Ltd Shirts Election,1091.96
349,PRD-0139,"Harris, Miranda and Coffey Jeans Former",272.59
350,PRD-0140,Gill and Sons Crackers Make,952.04
351,PRD-0141,Rogers Ltd Wallets Quickly,334.67
352,PRD-0142,Wagner-Robinson Slippers Born,171.9
353,PRD-0143,Hicks-Atkinson Sunglasses According,753.83
354,PRD-0144,Oliver-Morris Chips Good,84.66
355,PRD-0145,Riley-Moon Cookies Seat,63.64
356,PRD-0146,Campbell-Mendez Slippers Fact,1888.99
357,PRD-0147,Sullivan PLC Wallets City,1673.86
358,PRD-0148,Cobb-Wilson Jackets Special,1894.19
359,PRD-0149,"Chen, Garcia and Stein Backpacks Position",149.12
360,PRD-0150,Le-May Belts Event,173.85
361,PRD-0151,"Christian, Franco and Smith Scarves Director",1457.22
362,PRD-0152,Avila LLC Jackets Wall,1031.17
363,PRD-0153,Lopez Group Belts Her,388.48
364,PRD-0154,"Rodriguez, Robinson and Wong Dresses Go",1215.19
365,PRD-0155,Barker-Jones Scarves Performance,1747.55
366,PRD-0156,Kelly Inc Jeans Worker,459.79
367,PRD-0157,Smith Group Handbags Same,1361.06
368,PRD-0158,Johnson PLC Sneakers Forget,1469.51
369,PRD-0159,Macdonald and Sons Candies Decade,179.56
370,PRD-0160,"Logan, Taylor and Cooper Scarves Analysis Pro",1413.27
371,PRD-0161,Ellison Ltd Dresses Area,472.76
372,PRD-0162,Simon Group Tote Bags Language,1651.01
373,PRD-0163,Bishop-Lopez Cookies Right,1745.38
374,PRD-0164,Giles Group Watches Simply,616.97
375,PRD-0165,Hill-Mccoy Tote Bags Level,828.18
376,PRD-0166,Hodges-Gomez Messenger Bags Edge,670.1
377,PRD-0167,"Smith, Gonzales and Johnson Shirts Issue",1572.84
378,PRD-0168,Allen-Hamilton Boots Include,295.09
379,PRD-0169,Miller LLC Shirts Lose,1408.55
380,PRD-0170,Morgan Ltd Sneakers Daughter,702.82
381,PRD-0171,"Robinson, Morgan and Perez Handbags Case",1799.22
382,PRD-0172,Peck and Sons Cookies Speech,1523.56
383,PRD-0173,"Young, Williams and Gardner Dresses Opportunity Pro",668.0
384,PRD-0174,"Underwood, Cortez and Hanson Sneakers Operation",1126.9
385,PRD-0175,Cross LLC Scarves Change Pro,101.45
386,PRD-0176,"Lester, Ward and Weber Undergarments Member Pro",782.13
387,PRD-0177,Welch-Flores Hats That Pro,1255.88
388,PRD-0178,Baird LLC Jeans Usually,1190.81
389,PRD-0179,Lin LLC Slippers Close,533.03
390,PRD-0180,"Clayton, Price and Poole Jeans Image",945.33
391,PRD-0181,"Warner, Wong and Khan Candies Senior Pro",1571.38
392,PRD-0182,Herman-Berry Chips Save,1460.86
393,PRD-0183,Stewart-Lin Backpacks Watch,1514.05
394,PRD-0184,Martinez-Clark Boots City,1399.11
395,PRD-0185,Green-Moran Scarves Effect,1891.51
396,PRD-0186,"Stevenson, Arnold and Jensen Dresses Find",705.07
397,PRD-0187,Adams-Chandler Boots Camera,1130.9
398,PRD-0188,Caldwell and Sons Candies Himself,574.02
399,PRD-0189,Barnett-Jones Wallets Not,1722.71
400,PRD-0190,"Owens, Howard and Knight Sneakers Wide Pro",202.26
401,PRD-0191,Gonzales and Sons Flats Open Pro,1577.0
402,PRD-0192,"Vasquez, Riley and Shepard Belts Top",399.87
403,PRD-0193,Lopez PLC Crackers Reveal,440.58
404,PRD-0194,"Wilson, Smith and Rush Handbags Hand",487.75
405,PRD-0195,Jones-Freeman Scarves Listen,754.6
406,PRD-0196,Jenkins and Sons Sandals Message,446.47
407,PRD-0197,Murray and Sons Sandals Think Pro,579.57
408,PRD-0198,"Smith, Stewart and Hutchinson Flats Assume",832.07
409,PRD-0199,Perez and Sons Scarves Improve,1362.04
410,PRD-0200,Mason Ltd Belts Grow,851.64
411,PRD-0201,Stevens PLC Jeans Left,621.6
412,PRD-0202,"Taylor, Carroll and Sanchez Jeans Join",1809.22
413,PRD-0203,Parsons and Sons Backpacks Hope,902.37
414,PRD-0204,Moore-Farmer Undergarments Democratic,289.34
415,PRD-0205,Johnson Ltd Cookies Chance,1481.02
416,PRD-0206,"Murphy, Davila and Salas Cookies Could",1947.8
417,PRD-0207,"Burke, Bridges and Howell Dresses Analysis Pro",1044.62
418,PRD-0208,Harris-Rodriguez Undergarments Manage,1744.56
419,PRD-0209,Green Inc Slippers Grow,1005.24
420,PRD-0210,"Leonard, Robinson and Anderson Sneakers Fall",1269.45
421,PRD-0211,"Anderson, Sanchez and Hanna Messenger Bags Knowledge",590.82
422,PRD-0212,Brooks and Sons Flats Actually,1485.97
423,PRD-0213,"Owens, Hernandez and Dillon Wallets Answer",242.09
424,PRD-0214,Murphy-Richardson Crackers Find,865.79
425,PRD-0215,Miller Ltd Wallets Church,1165.13
426,PRD-0216,Love and Sons Sunglasses Order,968.62
427,PRD-0217,Paul PLC Candies Rule,278.1
428,PRD-0218,Ortiz Inc Jeans Determine,1943.7
429,PRD-0219,Duncan-Robinson Jackets Plan,1830.66
430,PRD-0220,Avila-Garrison Hats Wait,705.09
431,PRD-0221,"Morgan, Martin and Thompson Scarves Long",1291.36
432,PRD-0222,Nichols-Anderson Jackets Quite,695.32
433,PRD-0223,"Monroe, Rivera and Mcclure Sandals Hospital Pro",1195.26
434,PRD-0224,"Jones, Mckee and Long Backpacks Rock",440.57
435,PRD-0225,Bailey LLC Belts Spend,425.98
436,PRD-0226,Howard PLC Backpacks Forget,129.99
437,PRD-0227,Webster Inc Slippers Imagine,1305.62
438,PRD-0228,Sellers-Cruz Jeans Third Pro,1990.85
439,PRD-0229,Burns PLC Jackets People,658.55
440,PRD-0230,Burke-Bennett Candies Mouth,1800.31
441,PRD-0231,Spears Ltd Handbags Upon,102.92
442,PRD-0232,"Daniels, Little and Cook Boots Provide",343.58
443,PRD-0233,Santiago Inc Boots Whether,1549.16
444,PRD-0234,Spencer and Sons Hats Both Pro,1688.47
445,PRD-0235,Palmer Ltd Scarves Article,1360.61
446,PRD-0236,Hahn LLC Sneakers Just,1611.94
447,PRD-0237,"Jones, Warren and Hale Chips Sort",1001.21
448,PRD-0238,"Taylor, Conway and Martin Shirts Until",604.78
449,PRD-0239,"Jones, Ballard and Armstrong Watches Recent",1610.84
450,PRD-0240,"Navarro, Austin and Smith Cookies Unit",1828.32
451,PRD-0241,"Lawson, Sexton and Vasquez Backpacks Her Pro",1594.43
452,PRD-0242,Miles-White Jackets Newspaper,1605.45
453,PRD-0243,Rodriguez Group Tote Bags Start,1300.22
454,PRD-0244,Elliott Inc Jackets Should,1447.2
455,PRD-0245,Foster Ltd Wallets Opportunity,969.63
456,PRD-0246,"Hawkins, Hodges and Green Cookies Guess",447.12
457,PRD-0247,Sanchez PLC Candies Summer Pro,902.69
458,PRD-0248,"Snyder, Horn and Christensen Shirts Author Pro",688.88
459,PRD-0249,"Bryan, May and Smith Jackets Recently Pro",703.89
460,PRD-0250,Guerra-Sullivan Jeans Financial,1881.63
461,PRD-0251,"Bryant, Reynolds and Burton Messenger Bags Girl",1021.67
462,PRD-0252,"Marks, Stafford and Alvarez Tote Bags Significant",701.37
463,PRD-0253,Charles PLC Dresses Grow,1818.54
464,PRD-0254,Ray Ltd Hats Beautiful,1017.17
465,PRD-0255,"Patterson, Wilson and Sanders Nuts Science",207.27
466,PRD-0256,Hart-Flores Undergarments Nearly,1750.84
467,PRD-0257,Allen and Sons Belts Guy,1236.8
468,PRD-0258,Stein and Sons Jackets Machine,1077.11
469,PRD-0259,Davis-Hall Sunglasses Among,1416.03
470,PRD-0260,Morris Group Candies Character,364.39
471,PRD-0261,"Ortiz, Johnson and Watson Crackers Compare",177.97
472,PRD-0262,Norton and Sons Jeans Common,928.51
473,PRD-0263,"Lindsey, Martin and Baker Sunglasses Sort",1930.67
474,PRD-0264,Wilson-Bruce Sandals Enjoy Pro,1826.15
475,PRD-0265,"Benitez, Barry and Rodriguez Jackets Such Pro",1981.94
476,PRD-0266,"Rodgers, Fernandez and Mendoza Chips Interest",493.75
477,PRD-0267,"Holloway, Mcdaniel and Miller Scarves Remember",71.58
478,PRD-0268,Reynolds PLC Shirts Claim,1269.75
479,PRD-0269,Grant Ltd Chips Produce,975.34
480,PRD-0270,Richardson Ltd Cookies Picture,1195.33
481,PRD-0271,Moore-Holland Messenger Bags End,1460.92
482,PRD-0272,"Vargas, Solomon and Nunez Crackers Administration Pro",1580.34
483,PRD-0273,Carter PLC Tote Bags Often,1420.73
484,PRD-0274,"Edwards, Brock and Dean Tote Bags Notice",480.98
485,PRD-0275,Phelps Inc Hats Care Pro,1498.11
486,PRD-0276,Ward-Franco Dresses Anything,1808.72
487,PRD-0277,Garcia-Williams Jackets Address,956.66
488,PRD-0278,Oliver-Sloan Dresses Benefit,485.04
489,PRD-0279,Austin-Trevino Messenger Bags Central,212.83
490,PRD-0280,Cowan LLC Cookies Message,1496.14
491,PRD-0281,Hall-Santiago Scarves Current,1058.85
492,PRD-0282,"Kirby, Sharp and Wise Slippers Recent",248.65
493,PRD-0283,Bartlett LLC Jackets Can,756.76
494,PRD-0284,Griffith Ltd Belts Four Pro,1380.14
495,PRD-0285,"Flores, Fuentes and Morales Boots Result",731.39
496,PRD-0286,"Gibson, Martin and Harvey Boots Recent",1744.62
497,PRD-0287,"Smith, Howard and Harvey Handbags Save Pro",741.85
498,PRD-0288,Moore-Miles Sandals Save,989.38
499,PRD-0289,"Alexander, Marks and Richards Tote Bags Theory",712.8
500,PRD-0290,Jones-Sanders Flats Follow,769.72
501,PRD-0291,"Hanson, Taylor and Maxwell Sunglasses Wife",1859.95
502,PRD-0292,Smith-Stanley Boots Although,1143.89
503,PRD-0293,Sanders-Holloway Belts Task Pro,1928.04
504,PRD-0294,Schmidt-Miles Boots Others,600.88
505,PRD-0295,Sanchez Inc Undergarments Product,1404.75
506,PRD-0296,Moss-Sandoval Jackets Best Pro,1857.63
507,PRD-0297,Leonard-Martin Handbags Inside,1611.93
508,PRD-0298,Davis Group Chips Successful,1110.67
509,PRD-0299,Norton Inc Watches Garden,294.58
